mtry,ntree,MDGI
Y,P,25.05863807
L,P,22.60095966
P,F,19.23467811
V,P,13.30468383
I,P,11.55684743
P,P,11.31717582
P,Q,9.775424331
G,P,8.518715092
A,P,8.201310608
A,A,8.201108552
P,I,7.623390077
K,P,7.172505594
F,P,6.557658265
H,I,6.189602965
H,P,6.175761518
P,E,6.174923207
D,S,5.897041544
P,L,5.707228625
P,T,5.693740839
V,R,5.539810977
R,P,5.446665817
Q,Q,5.434323377
K,V,5.365692302
Q,P,5.007743381
I,L,4.970544711
P,V,4.677952023
I,N,4.567698131
T,L,4.547963287
V,Y,4.465198496
Y,L,4.186527159
P,S,4.029452194
V,F,3.936451356
V,K,3.865333063
S,P,3.634436177
Q,S,3.579363131
G,Y,3.539452114
R,I,3.497077318
P,R,3.423691615
P,Y,3.419992182
D,D,3.403653737
A,L,3.375590205
D,V,3.341056107
F,S,3.29780858
P,A,3.260566208
P,G,3.185078488
K,W,3.173448616
Y,K,3.121549662
L,R,3.114311715
K,L,3.10904726
H,L,3.047578498
A,E,2.976142896
L,Q,2.975305558
P,H,2.974860431
R,L,2.967535664
Y,Y,2.96602991
G,L,2.934513441
T,D,2.899444976
E,P,2.842064091
T,I,2.816385948
T,P,2.797870833
T,Q,2.788724776
H,Q,2.776896894
D,G,2.738075771
L,H,2.717595799
K,G,2.663386223
L,I,2.623190721
W,Y,2.561118271
L,S,2.533877963
Y,Q,2.525589397
S,S,2.516816296
Q,K,2.490715469
L,F,2.47853638
S,I,2.474969333
Y,C,2.438138321
V,A,2.377554317
S,G,2.374426096
H,E,2.352365939
H,K,2.349086155
K,D,2.343422603
R,R,2.305096981
Y,G,2.291895542
P,K,2.286101739
L,L,2.277330446
R,F,2.269023535
K,S,2.225045031
A,D,2.19262261
N,P,2.167254438
G,G,2.14334548
I,Y,2.139584434
S,D,2.134944747
R,G,2.128849491
A,H,2.109184236
K,K,2.104105007
A,S,2.072124359
L,A,2.065530633
T,V,2.040102962
Q,L,2.03822016
A,T,2.038141995
L,K,2.021178834
E,Y,1.974914005
A,K,1.962367167
V,L,1.949920644
D,E,1.948416716
E,A,1.945274012
L,G,1.940872894
E,G,1.93831769
Y,T,1.931998744
M,K,1.914675618
D,A,1.894012417
I,E,1.873133382
A,R,1.866966343
I,G,1.859543379
I,V,1.857200103
L,E,1.836983756
S,T,1.835668732
I,S,1.825382497
G,V,1.822204104
A,Y,1.819593914
G,Q,1.817092339
L,T,1.805521685
S,A,1.793685976
R,A,1.790749321
T,T,1.787174159
E,R,1.769760313
F,R,1.767615512
S,E,1.733792198
T,A,1.731089285
A,F,1.715534189
W,G,1.714433546
F,D,1.714244243
G,I,1.712685758
T,S,1.705467175
R,S,1.687660096
K,A,1.677194059
T,E,1.670176335
A,I,1.6639358
E,K,1.641449292
V,N,1.632276214
A,V,1.623697279
I,A,1.619793418
E,V,1.617976307
G,K,1.615224154
K,E,1.613961561
Q,T,1.613241125
I,Q,1.607412158
S,L,1.604993954
V,T,1.591781478
E,N,1.589529024
N,V,1.584940163
R,Q,1.570944906
R,V,1.570577998
H,T,1.564114945
L,N,1.561056271
D,L,1.558662386
V,D,1.55384157
E,D,1.539947118
Q,V,1.536750906
Y,R,1.534173629
N,S,1.529927983
Q,E,1.513043088
V,V,1.508584395
R,Y,1.497361434
L,Y,1.484166255
F,G,1.479893481
G,S,1.474179983
G,T,1.473685512
L,V,1.463343923
R,E,1.456345394
E,L,1.45423153
V,H,1.433769832
N,Q,1.433260384
K,Q,1.421674741
A,G,1.415479171
K,H,1.406663099
D,Q,1.401581802
N,G,1.354813864
P,N,1.346285577
V,E,1.345746946
V,I,1.342681714
F,Y,1.340409059
T,R,1.311805302
L,D,1.299879583
F,L,1.299270694
V,G,1.294963306
W,N,1.288973888
E,Q,1.26476705
M,L,1.260691234
S,Q,1.257547673
T,H,1.249863609
D,T,1.240822154
K,T,1.240183866
I,T,1.238938597
E,I,1.232403445
Q,Y,1.230291669
A,N,1.224996293
E,E,1.208797782
F,V,1.200568166
N,F,1.196597223
E,S,1.192931133
G,E,1.186173806
F,I,1.184169418
I,D,1.176552605
I,K,1.169018909
C,R,1.163296376
G,H,1.154396923
N,E,1.152058205
G,A,1.150312417
K,I,1.128782485
N,R,1.128317127
Y,V,1.111078965
A,Q,1.109079068
S,K,1.102715266
G,N,1.095651302
Q,I,1.090205889
Q,A,1.08931812
T,N,1.083642128
K,R,1.080686815
K,Y,1.075980987
T,G,1.071319852
M,A,1.064723016
T,K,1.057677997
G,D,1.051050594
E,T,1.050418121
N,K,1.049056867
N,L,1.044663738
A,W,1.032378942
I,I,1.031781443
V,W,1.028176176
H,G,1.028032625
I,F,1.027076343
G,R,1.02087277
R,N,1.007903927
N,I,1.00720605
S,R,0.998968354
S,V,0.995639012
N,T,0.990315236
I,R,0.989709549
D,Y,0.982638022
P,W,0.981182625
N,A,0.980247388
I,M,0.979348871
V,S,0.979192863
Q,N,0.977070103
D,H,0.976033384
R,W,0.962927166
N,D,0.953602355
G,F,0.953391109
Q,G,0.950270784
I,H,0.947312604
C,Q,0.944445371
F,Q,0.94312131
M,T,0.935733995
A,M,0.93182958
K,F,0.930989472
S,F,0.924776303
K,N,0.9199266
D,I,0.911965571
Q,F,0.911690202
Q,R,0.896877122
F,T,0.884446226
Y,E,0.878348964
F,E,0.874659457
V,Q,0.871178208
H,Y,0.870164146
R,T,0.869193288
M,P,0.863903123
F,N,0.852745983
S,Y,0.852557076
D,R,0.852507704
I,W,0.850714851
E,F,0.843404325
V,M,0.838338198
D,P,0.82769744
H,A,0.819872571
C,S,0.810686118
T,W,0.806409823
D,K,0.803264303
T,F,0.797788901
N,Y,0.797354597
P,M,0.793385366
M,M,0.781342087
F,A,0.779666932
M,D,0.778224533
R,K,0.777236602
M,E,0.766978342
Y,S,0.763086952
R,D,0.756023167
Y,F,0.746587911
P,D,0.739828663
F,K,0.727703177
W,I,0.712591019
S,H,0.70881099
Q,W,0.70347171
M,V,0.691405754
M,S,0.682600212
S,N,0.682113838
D,F,0.678147488
S,W,0.676421998
W,P,0.666673065
M,G,0.66262085
F,F,0.657118759
L,C,0.651819505
M,H,0.65028545
W,S,0.640924082
T,Y,0.63893005
K,C,0.638209442
Q,D,0.636535824
R,C,0.631138598
R,M,0.63019171
H,R,0.630100686
W,C,0.627310149
W,F,0.624590101
C,T,0.622412093
Y,N,0.61991724
R,H,0.617022852
E,W,0.616827122
Y,I,0.608685175
L,M,0.584059108
Y,D,0.581950576
G,M,0.57787774
W,R,0.576264983
Y,A,0.575516753
G,C,0.570603479
Q,M,0.551729828
C,Y,0.549478436
Y,H,0.546265911
P,C,0.537566151
H,S,0.537300589
W,L,0.51663776
T,M,0.516291583
Q,H,0.514439943
H,H,0.492414095
H,D,0.489969974
W,A,0.484807459
C,G,0.483988767
N,M,0.477796887
C,H,0.470724571
W,K,0.470510699
C,N,0.468631597
S,C,0.467390887
C,E,0.464452411
M,N,0.461387823
N,N,0.443284255
C,V,0.43893184
D,M,0.436342572
M,R,0.436143166
W,Q,0.43614289
E,H,0.420466211
D,N,0.416177668
W,H,0.410841146
K,M,0.4000275
Y,W,0.387339662
C,L,0.382827305
C,P,0.379958372
S,M,0.370726709
A,C,0.366480991
V,C,0.365471118
M,F,0.353850298
H,M,0.347388572
W,E,0.3411676
E,M,0.334298126
L,W,0.312285088
T,C,0.304656617
H,W,0.299062047
D,W,0.297511677
F,H,0.288755709
H,V,0.285409869
M,Q,0.284986425
H,F,0.271904856
W,T,0.260703657
Y,M,0.259942294
G,W,0.249520909
C,A,0.24203114
C,M,0.24079513
M,C,0.237082643
I,C,0.220403934
W,V,0.219742808
N,H,0.208158376
C,K,0.178264147
M,I,0.170192113
E,C,0.164821857
W,M,0.164270006
D,C,0.134578024
C,C,0.131784392
N,W,0.127557209
C,I,0.118910678
F,M,0.105562468
C,D,0.099472785
H,N,0.088194042
C,F,0.080047536
F,C,0.072500482
C,W,0.068375138
W,D,0.066205506
W,W,0.061285632
H,C,0.038844459
Q,C,0.028346611
N,C,0.023591174
M,Y,0.020662129
F,W,0.011177499
M,W,0
